year,discarded
1980,100
1981,98.3
1982,97.6
1983,96.9
1984,96.2
1985,95.5
1986,94.8
1987,94.1
1988,92.8
1989,91.4
1990,90
1991,88.6
1992,87.2
1993,85.8
1994,84.4
1995,83
1996,81.6
1997,80.2
1998,78.8
1999,77.4
2000,76
2001,74.6
2002,73.2
2003,71.8
2004,70.4
2005,69
2006,67.7
2007,66.2
2008,64.8
2009,63.4
2010,62
2011,60.6
2012,59.2
2013,57.8
2014,56.4
2015,55
