year,recycled
1980,0
1981,0
1982,0
1983,0
1984,0
1985,0
1986,0
1987,0
1988,0.6
1989,0.3
1990,2
1991,2.7
1992,3.4
1993,4.1
1994,4.8
1995,5.5
1996,6.2
1997,6.9
1998,7.6
1999,8.3
2000,9
2001,9.7
2002,10.4
2003,11.1
2004,11.8
2005,12.5
2006,13.2
2007,13.9
2008,14.6
2009,15.3
2010,16
2011,16.7
2012,17.4
2013,18.1
2014,18.8
2015,19.5
